30462.479,0.0
30462.599,0.0
30462.719,0.0
30462.839,0.0
30462.959,0.0
30463.079,0.0
30463.199,0.0
30463.319,0.0
30463.439,0.0
30463.559,0.0
30463.679,0.0
30463.799,0.0
30463.919,0.0
30464.039,0.0
30464.159,0.0
30464.279,0.0
30464.399,0.0
30464.519,0.0
30464.639,0.0
30464.759,0.0
30464.879,0.0
30464.999,0.0
30465.119,0.0
30465.239,0.0
30465.359,0.0
30465.479,0.0
30465.599,0.0
30465.703,1.0
30465.839,0.0
30465.959,0.0
30466.079,0.0
30466.199,0.0
30466.319,0.0
30466.439,0.0
30466.559,0.0
30466.679,0.0
30466.799,0.0
30466.919,0.0
30467.039,0.0
30467.159,0.0
30467.279,0.0
30467.399,0.0
30467.519,0.0
30467.639,0.0
30467.759,0.0
30467.879,0.0
30467.999,0.0
30468.119,0.0
30468.239,0.0
30468.359,0.0
30468.479,0.0
30468.599,0.0
30468.719,0.0
30468.839,0.0
30468.959,0.0
30469.079,0.0
30469.199,0.0
30469.319,0.0
30469.439,0.0
30469.559,0.0
30469.679,0.0
30469.799,0.0
30469.919,0.0
30470.039,0.0
30470.159,0.0
30470.279,0.0
30470.399,0.0
30470.519,0.0
30470.639,0.0
30470.759,0.0
30470.879,0.0
30470.999,0.0
30471.119,0.0
30471.239,0.0
30471.359,0.0
30471.479,0.0
30471.599,0.0
30471.719,0.0
30471.839,0.0
30471.959,0.0
30472.079,0.0
30472.199,0.0
30472.319,0.0
30472.439,0.0
30472.559,0.0
30472.679,0.0
30472.799,0.0
30472.919,0.0
30473.039,0.0
30473.159,0.0
30473.279,0.0
30473.399,0.0
30473.519,0.0
30473.639,0.0
30473.759,0.0
30473.879,0.0
30473.999,0.0
30474.119,0.0
30474.239,0.0
30474.359,0.0
30474.479,0.0
30474.599,0.0
30474.719,0.0
30474.839,0.0
30474.959,0.0
30475.079,0.0
30475.199,0.0
30475.319,0.0
30475.439,0.0
30475.559,0.0
30475.679,0.0
30475.799,0.0
30475.919,0.0
30476.039,0.0
30476.159,0.0
30476.279,0.0
30476.399,0.0
30476.519,0.0
30476.639,0.0
30476.759,0.0
30476.879,0.0
30476.999,0.0
30477.119,0.0
30477.239,0.0
30477.359,0.0
30477.479,0.0
30477.599,0.0
30477.719,0.0
30477.839,0.0
30477.959,0.0
30478.079,0.0
30478.199,0.0
30478.319,0.0
30478.439,0.0
30478.559,0.0
30478.679,0.0
30478.799,0.0
30478.919,0.0
30479.039,0.0
30479.159,0.0
30479.279,0.0
30479.399,0.0
30479.519,0.0
30479.639,0.0
30479.759,0.0
30479.879,0.0
30479.999,0.0
30480.119,0.0
30480.239,0.0
30480.359,0.0
30480.479,0.0
30480.599,0.0
30480.719,0.0
30480.839,0.0
30480.959,0.0
30481.079,0.0
30481.199,0.0
30481.319,0.0
30481.439,0.0
30481.559,0.0
30481.679,0.0
30481.799,0.0
30481.919,0.0
30482.039,0.0
30482.159,0.0
30482.279,0.0
30482.399,0.0
30482.519,0.0
30482.639,0.0
30482.759,0.0
30482.879,0.0
30482.999,0.0
30483.119,0.0
30483.239,0.0
30483.359,0.0
30483.479,0.0
30483.599,0.0
30483.719,0.0
30483.839,0.0
30483.959,0.0
30484.079,0.0
30484.199,0.0
30484.319,0.0
30484.439,0.0
30484.559,0.0
30484.679,0.0
30484.799,0.0
30484.919,0.0
30485.039,0.0
30485.159,0.0
30485.279,0.0
30485.399,0.0
30485.519,0.0
30485.639,0.0
30485.759,0.0
30485.879,0.0
30485.999,0.0
30486.119,0.0
30486.239,0.0
30486.359,0.0
30486.479,0.0
30486.599,0.0
30486.719,0.0
30486.839,0.0
30486.959,0.0
30487.079,0.0
30487.199,0.0
30487.319,0.0
30487.439,0.0
30487.559,0.0
30487.679,0.0
30487.799,0.0
30487.919,0.0
30488.039,0.0
30488.159,0.0
30488.279,0.0
30488.399,0.0
30488.519,0.0
30488.639,0.0
30488.759,0.0
30488.879,0.0
30488.999,0.0
30489.119,0.0
30489.239,0.0
30489.359,0.0
30489.479,0.0
30489.599,0.0
30489.719,0.0
30489.839,0.0
30489.959,0.0
30490.079,0.0
30490.199,0.0
30490.319,0.0
30490.439,0.0
30490.559,0.0
30490.679,0.0
30490.799,0.0
30490.919,0.0
30491.039,0.0
30491.159,0.0
30491.279,0.0
30491.399,0.0
30491.519,0.0
30491.639,0.0
30491.759,0.0
30491.879,0.0
30491.999,0.0
30492.119,0.0
30492.239,0.0
30492.359,0.0
30492.479,0.0
30492.599,0.0
30492.719,0.0
30492.839,0.0
30492.959,0.0
30493.079,0.0
30493.199,0.0
30493.319,0.0
30493.439,0.0
30493.559,0.0
30493.679,0.0
30493.799,0.0
30493.919,0.0
30494.039,0.0
30494.159,0.0
30494.279,0.0
30494.399,0.0
30494.519,0.0
30494.639,0.0
30494.759,0.0
30494.879,0.0
30494.999,0.0
30495.119,0.0
30495.239,0.0
30495.359,0.0
30495.479,0.0
30495.599,0.0
30495.719,0.0
30495.839,0.0
30495.959,0.0
30496.079,0.0
30496.199,0.0
30496.319,0.0
30496.439,0.0
30496.559,0.0
30496.679,0.0
30496.799,0.0
30496.919,0.0
30497.039,0.0
30497.159,0.0
30497.279,0.0
30497.399,0.0
30497.519,0.0
30497.639,0.0
30497.759,0.0
30497.879,0.0
30497.999,0.0
30498.119,0.0
30498.239,0.0
30498.359,0.0
30498.479,0.0
30498.599,0.0
30498.719,0.0
30498.839,0.0
30498.959,0.0
30499.079,0.0
30499.199,0.0
30499.319,0.0
30499.439,0.0
30499.559,0.0
30499.679,0.0
30499.799,0.0
30499.919,0.0
30500.039,0.0
30500.159,0.0
30500.279,0.0
30500.399,0.0
30500.519,0.0
30500.639,0.0
30500.759,0.0
30500.879,0.0
30500.999,0.0
30501.119,0.0
30501.239,0.0
30501.359,0.0
30501.479,0.0
30501.599,0.0
30501.719,0.0
30501.839,0.0
30501.959,0.0
30502.079,0.0
30502.199,0.0
30502.319,0.0
30502.439,0.0
30502.559,0.0
30502.679,0.0
30502.799,0.0
30502.919,0.0
30503.039,0.0
30503.159,0.0
30503.279,0.0
30503.399,0.0
30503.519,0.0
30503.639,0.0
30503.759,0.0
30503.879,0.0
30503.999,0.0
30504.119,0.0
30504.239,0.0
30504.359,0.0
30504.479,0.0
30504.599,0.0
30504.719,0.0
30504.839,0.0
30504.959,0.0
30505.079,0.0
30505.199,0.0
30505.319,0.0
30505.439,0.0
30505.559,0.0
30505.679,0.0
30505.799,0.0
30505.919,0.0
30506.039,0.0
30506.159,0.0
30506.279,0.0
30506.399,0.0
30506.519,0.0
30506.639,0.0
30506.759,0.0
30506.879,0.0
30506.999,0.0
30507.119,0.0
30507.239,0.0
30507.359,0.0
30507.479,0.0
30507.599,0.0
30507.719,0.0
30507.839,0.0
30507.959,0.0
30508.079,0.0
30508.199,0.0
30508.319,0.0
30508.439,0.0
30508.559,0.0
30508.679,0.0
30508.799,0.0
30508.919,0.0
30509.039,0.0
30509.159,0.0
30509.279,0.0
30509.399,0.0
30509.519,0.0
30509.639,0.0
30509.759,0.0
30509.879,0.0
30509.999,0.0
30510.119,0.0
30510.239,0.0
30510.359,0.0
30510.479,0.0
30510.599,0.0
30510.719,0.0
30510.839,0.0
30510.959,0.0
30511.079,0.0
30511.199,0.0
30511.319,0.0
30511.439,0.0
30511.559,0.0
30511.679,0.0
30511.799,0.0
30511.919,0.0
30512.039,0.0
30512.159,0.0
30512.279,0.0
30512.399,0.0
30512.519,0.0
30512.639,0.0
30512.759,0.0
30512.879,0.0
30512.999,0.0
30513.119,0.0
30513.239,0.0
30513.359,0.0
30513.479,0.0
30513.599,0.0
30513.719,0.0
30513.839,0.0
30513.959,0.0
30514.079,0.0
30514.199,0.0
30514.319,0.0
30514.439,0.0
30514.559,0.0
30514.679,0.0
30514.799,0.0
30514.919,0.0
30515.039,0.0
30515.159,0.0
30515.279,0.0
30515.399,0.0
30515.519,0.0
30515.639,0.0
30515.759,0.0
30515.879,0.0
30515.999,0.0
30516.119,0.0
30516.239,0.0
30516.359,0.0
30516.479,0.0
30516.599,0.0
30516.719,0.0
30516.839,0.0
30516.959,0.0
30517.079,0.0
30517.199,0.0
30517.319,0.0
30517.439,0.0
30517.559,0.0
30517.679,0.0
30517.799,0.0
30517.919,0.0
30518.039,0.0
30518.159,0.0
30518.279,0.0
30518.399,0.0
30518.519,0.0
30518.639,0.0
30518.759,0.0
30518.879,0.0
30518.999,0.0
30519.119,0.0
30519.239,0.0
30519.359,0.0
30519.479,0.0
30519.599,0.0
30519.719,0.0
30519.839,0.0
30519.959,0.0
30520.079,0.0
30520.199,0.0
30520.319,0.0
30520.439,0.0
30520.559,0.0
30520.679,0.0
30520.799,0.0
30520.919,0.0
30521.039,0.0
30521.159,0.0
30521.279,0.0
30521.399,0.0
30521.519,0.0
30521.639,0.0
30521.759,0.0
30521.879,0.0
30521.999,0.0
30522.119,0.0
30522.239,0.0
30522.359,0.0
30522.479,0.0
30522.599,0.0
30522.719,0.0
30522.839,0.0
30522.959,0.0
30523.079,0.0
30523.199,0.0
30523.319,0.0
30523.439,0.0
30523.559,0.0
30523.679,0.0
30523.799,0.0
30523.919,0.0
30524.039,0.0
30524.159,0.0
30524.279,0.0
30524.399,0.0
30524.519,0.0
30524.639,0.0
30524.759,0.0
30524.879,0.0
30524.999,0.0
30525.119,0.0
30525.239,0.0
30525.359,0.0
30525.479,0.0
30525.599,0.0
30525.719,0.0
30525.839,0.0
30525.959,0.0
30526.079,0.0
30526.199,0.0
30526.319,0.0
30526.439,0.0
30526.559,0.0
30526.679,0.0
30526.799,0.0
30526.919,0.0
30527.039,0.0
30527.159,0.0
30527.279,0.0
30527.399,0.0
30527.519,0.0
30527.639,0.0
30527.759,0.0
30527.879,0.0
30527.999,0.0
30528.119,0.0
30528.239,0.0
30528.359,0.0
30528.479,0.0
30528.599,0.0
30528.719,0.0
30528.839,0.0
30528.959,0.0
30529.079,0.0
30529.199,0.0
30529.319,0.0
30529.439,0.0
30529.559,0.0
30529.679,0.0
30529.799,0.0
30529.919,0.0
30530.039,0.0
30530.159,0.0
30530.279,0.0
30530.399,0.0
30530.519,0.0
30530.639,0.0
30530.759,0.0
30530.879,0.0
30530.999,0.0
30531.119,0.0
30531.239,0.0
30531.359,0.0
30531.479,0.0
30531.599,0.0
30531.719,0.0
30531.839,0.0
30531.959,0.0
30532.079,0.0
30532.199,0.0
30532.319,0.0
30532.439,0.0
30532.559,0.0
30532.679,0.0
30532.799,0.0
30532.919,0.0
30533.039,0.0
30533.159,0.0
30533.279,0.0
30533.399,0.0
30533.519,0.0
30533.639,0.0
30533.759,0.0
30533.879,0.0
30533.999,0.0
30534.119,0.0
30534.239,0.0
30534.359,0.0
30534.479,0.0
30534.599,0.0
30534.719,0.0
30534.839,0.0
30534.959,0.0
30535.079,0.0
30535.199,0.0
30535.319,0.0
30535.439,0.0
30535.559,0.0
30535.679,0.0
30535.799,0.0
30535.919,0.0
30536.039,0.0
30536.159,0.0
30536.279,0.0
30536.399,0.0
30536.519,0.0
30536.639,0.0
30536.759,0.0
30536.879,0.0
30536.999,0.0
30537.119,0.0
30537.239,0.0
30537.359,0.0
30537.479,0.0
30537.599,0.0
30537.719,0.0
30537.839,0.0
30537.959,0.0
30538.079,0.0
30538.199,0.0
30538.319,0.0
30538.439,0.0
30538.559,0.0
30538.679,0.0
30538.799,0.0
30538.919,0.0
30539.039,0.0
30539.159,0.0
30539.279,0.0
30539.399,0.0
30539.519,0.0
30539.639,0.0
30539.759,0.0
30539.879,0.0
30539.999,0.0
30540.119,0.0
30540.239,0.0
30540.359,0.0
30540.479,0.0
30540.599,0.0
30540.719,0.0
30540.839,0.0
30540.959,0.0
30541.079,0.0
30541.199,0.0
30541.319,0.0
30541.439,0.0
30541.559,0.0
30541.679,0.0
30541.799,0.0
30541.919,0.0
30542.039,0.0
30542.159,0.0
30542.279,0.0
30542.399,0.0
30542.519,0.0
30542.639,0.0
30542.759,0.0
30542.879,0.0
30542.999,0.0
30543.119,0.0
30543.239,0.0
30543.359,0.0
30543.479,0.0
30543.599,0.0
30543.719,0.0
30543.839,0.0
30543.959,0.0
30544.079,0.0
30544.199,0.0
30544.319,0.0
30544.439,0.0
30544.559,0.0
30544.679,0.0
30544.799,0.0
30544.919,0.0
30545.039,0.0
30545.159,0.0
30545.279,0.0
30545.399,0.0
30545.519,0.0
30545.639,0.0
30545.759,0.0
30545.879,0.0
30545.999,0.0
30546.119,0.0
30546.239,0.0
30546.359,0.0
30546.479,0.0
30546.599,0.0
30546.719,0.0
30546.839,0.0
30546.959,0.0
30547.079,0.0
30547.199,0.0
30547.319,0.0
30547.439,0.0
30547.559,0.0
30547.679,0.0
30547.799,0.0
30547.919,0.0
30548.039,0.0
30548.159,0.0
30548.279,0.0
30548.399,0.0
30548.519,0.0
30548.639,0.0
30548.759,0.0
30548.879,0.0
30548.999,0.0
30549.119,0.0
30549.239,0.0
30549.359,0.0
30549.479,0.0
30549.599,0.0
30549.719,0.0
30549.839,0.0
30549.959,0.0
30550.079,0.0
30550.199,0.0
30550.319,0.0
30550.439,0.0
30550.559,0.0
30550.679,0.0
30550.799,0.0
30550.919,0.0
30551.039,0.0
30551.159,0.0
30551.279,0.0
30551.399,0.0
30551.519,0.0
30551.639,0.0
30551.759,0.0
30551.879,0.0
30551.999,0.0
30552.119,0.0
30552.239,0.0
30552.359,0.0
30552.479,0.0
30552.599,0.0
30552.719,0.0
30552.839,0.0
30552.959,0.0
30553.079,0.0
30553.199,0.0
30553.319,0.0
30553.439,0.0
30553.559,0.0
30553.679,0.0
30553.799,0.0
30553.919,0.0
30554.039,0.0
30554.159,0.0
30554.279,0.0
30554.399,0.0
30554.519,0.0
30554.639,0.0
30554.759,0.0
30554.879,0.0
30554.999,0.0
30555.119,0.0
30555.239,0.0
30555.359,0.0
30555.479,0.0
30555.599,0.0
30555.719,0.0
30555.839,0.0
30555.959,0.0
30556.079,0.0
30556.199,0.0
30556.319,0.0
30556.439,0.0
30556.559,0.0
30556.679,0.0
30556.799,0.0
30556.919,0.0
30557.039,0.0
30557.159,0.0
30557.279,0.0
30557.399,0.0
30557.519,0.0
30557.639,0.0
30557.759,0.0
30557.879,0.0
30557.999,0.0
30558.119,0.0
30558.239,0.0
30558.359,0.0
30558.479,0.0
30558.599,0.0
30558.719,0.0
30558.839,0.0
30558.959,0.0
30559.079,0.0
30559.199,0.0
30559.319,0.0
30559.439,0.0
30559.559,0.0
30559.679,0.0
30559.799,0.0
30559.919,0.0
30560.039,0.0
30560.159,0.0
30560.279,0.0
30560.399,0.0
30560.519,0.0
30560.639,0.0
30560.759,0.0
30560.879,0.0
30560.999,0.0
30561.119,0.0
30561.239,0.0
30561.359,0.0
30561.479,0.0
30561.599,0.0
30561.719,0.0
30561.839,0.0
30561.959,0.0
30562.079,0.0
30562.199,0.0
30562.319,0.0
30562.439,0.0
30562.559,0.0
30562.679,0.0
30562.799,0.0
30562.919,0.0
30563.039,0.0
30563.159,0.0
30563.279,0.0
30563.399,0.0
30563.519,0.0
30563.639,0.0
30563.759,0.0
30563.879,0.0
30563.999,0.0
30564.119,0.0
30564.239,0.0
30564.359,0.0
30564.479,0.0
30564.599,0.0
30564.719,0.0
30564.839,0.0
30564.959,0.0
30565.079,0.0
30565.199,0.0
30565.319,0.0
30565.439,0.0
30565.559,0.0
30565.679,0.0
30565.799,0.0
30565.919,0.0
30566.039,0.0
30566.159,0.0
30566.279,0.0
30566.399,0.0
30566.519,0.0
30566.639,0.0
30566.759,0.0
30566.879,0.0
30566.999,0.0
30567.119,0.0
30567.239,0.0
30567.359,0.0
30567.479,0.0
30567.599,0.0
30567.719,0.0
30567.839,0.0
30567.959,0.0
30568.079,0.0
30568.199,0.0
30568.319,0.0
30568.439,0.0
30568.559,0.0
30568.679,0.0
30568.799,0.0
30568.919,0.0
30569.039,0.0
30569.159,0.0
30569.279,0.0
30569.399,0.0
30569.519,0.0
30569.639,0.0
30569.759,0.0
30569.879,0.0
30569.999,0.0
30570.119,0.0
30570.239,0.0
30570.359,0.0
30570.479,0.0
30570.599,0.0
30570.719,0.0
30570.839,0.0
30570.959,0.0
30571.079,0.0
30571.199,0.0
30571.319,0.0
30571.439,0.0
30571.559,0.0
30571.679,0.0
30571.799,0.0
30571.919,0.0
30572.039,0.0
30572.159,0.0
30572.279,0.0
30572.399,0.0
30572.519,0.0
30572.639,0.0
30572.759,0.0
30572.879,0.0
30572.999,0.0
30573.119,0.0
30573.239,0.0
30573.359,0.0
30573.479,0.0
30573.599,0.0
30573.719,0.0
30573.839,0.0
30573.959,0.0
30574.079,0.0
30574.199,0.0
30574.319,0.0
30574.439,0.0
30574.559,0.0
30574.679,0.0
30574.799,0.0
30574.919,0.0
30575.039,0.0
30575.159,0.0
30575.279,0.0
30575.399,0.0
30575.519,0.0
30575.639,0.0
30575.759,0.0
30575.879,0.0
30575.999,0.0
30576.119,0.0
30576.239,0.0
30576.359,0.0
30576.479,0.0
30576.599,0.0
30576.719,0.0
30576.839,0.0
30576.959,0.0
30577.079,0.0
30577.199,0.0
30577.319,0.0
30577.439,0.0
30577.559,0.0
30577.679,0.0
30577.799,0.0
30577.919,0.0
30578.039,0.0
30578.159,0.0
30578.279,0.0
30578.399,0.0
30578.519,0.0
30578.639,0.0
30578.759,0.0
30578.879,0.0
30578.999,0.0
30579.119,0.0
30579.239,0.0
30579.359,0.0
30579.479,0.0
30579.599,0.0
30579.719,0.0
30579.839,0.0
30579.959,0.0
30580.079,0.0
30580.199,0.0
30580.319,0.0
30580.439,0.0
30580.559,0.0
30580.679,0.0
30580.799,0.0
30580.919,0.0
30581.039,0.0
30581.159,0.0
30581.279,0.0
30581.399,0.0
30581.519,0.0
30581.639,0.0
30581.759,0.0
30581.879,0.0
30581.999,0.0
30582.119,0.0
30582.239,0.0
30582.359,0.0
30582.479,0.0
30582.599,0.0
30582.719,0.0
30582.839,0.0
30582.959,0.0
30583.079,0.0
30583.199,0.0
30583.319,0.0
30583.439,0.0
30583.559,0.0
30583.679,0.0
30583.799,0.0
30583.919,0.0
30584.039,0.0
30584.159,0.0
30584.279,0.0
30584.399,0.0
30584.519,0.0
30584.639,0.0
30584.759,0.0
30584.879,0.0
30584.999,0.0
30585.119,0.0
30585.239,0.0
30585.359,0.0
30585.479,0.0
30585.599,0.0
30585.719,0.0
30585.839,0.0
30585.959,0.0
30586.079,0.0
30586.199,0.0
30586.319,0.0
30586.439,0.0
30586.559,0.0
30586.679,0.0
30586.799,0.0
30586.919,0.0
30587.039,0.0
30587.159,0.0
30587.279,0.0
30587.399,0.0
30587.519,0.0
30587.639,0.0
30587.759,0.0
30587.879,0.0
30587.999,0.0
30588.119,0.0
30588.239,0.0
30588.359,0.0
30588.479,0.0
30588.599,0.0
30588.719,0.0
30588.839,0.0
30588.959,0.0
30589.079,0.0
30589.199,0.0
30589.319,0.0
30589.439,0.0
30589.559,0.0
30589.679,0.0
30589.799,0.0
30589.919,0.0
30590.039,0.0
30590.159,0.0
30590.279,0.0
30590.399,0.0
30590.519,0.0
30590.639,0.0
30590.759,0.0
30590.879,0.0
30590.999,0.0
30591.119,0.0
30591.239,0.0
30591.359,0.0
30591.479,0.0
30591.599,0.0
30591.719,0.0
30591.839,0.0
30591.959,0.0
30592.079,0.0
30592.199,0.0
30592.319,0.0
30592.439,0.0
30592.559,0.0
30592.679,0.0
30592.799,0.0
30592.919,0.0
30593.039,0.0
30593.159,0.0
30593.279,0.0
30593.399,0.0
30593.519,0.0
30593.639,0.0
30593.759,0.0
30593.879,0.0
30593.999,0.0
30594.119,0.0
30594.239,0.0
30594.359,0.0
30594.479,0.0
30594.599,0.0
30594.719,0.0
30594.839,0.0
30594.959,0.0
30595.079,0.0
30595.199,0.0
30595.319,0.0
30595.439,0.0
30595.559,0.0
30595.679,0.0
30595.799,0.0
30595.919,0.0
30596.039,0.0
30596.159,0.0
30596.279,0.0
30596.399,0.0
30596.519,0.0
30596.639,0.0
30596.759,0.0
30596.879,0.0
30596.999,0.0
30597.119,0.0
30597.239,0.0
30597.359,0.0
30597.479,0.0
30597.599,0.0
30597.719,0.0
30597.839,0.0
30597.959,0.0
30598.079,0.0
30598.199,0.0
30598.319,0.0
30598.439,0.0
30598.559,0.0
30598.679,0.0
30598.799,0.0
30598.919,0.0
30599.039,0.0
30599.159,0.0
30599.279,0.0
30599.399,0.0
30599.519,0.0
30599.639,0.0
30599.759,0.0
30599.879,0.0
30599.999,0.0
30600.119,0.0
30600.239,0.0
30600.359,0.0
30600.479,0.0
30600.599,0.0
30600.719,0.0
30600.839,0.0
30600.959,0.0
30601.079,0.0
30601.199,0.0
30601.319,0.0
30601.439,0.0
30601.559,0.0
30601.679,0.0
30601.799,0.0
30601.919,0.0
30602.039,0.0
30602.159,0.0
30602.279,0.0
30602.399,0.0
30602.519,0.0
30602.639,0.0
30602.759,0.0
30602.879,0.0
30602.999,0.0
30603.119,0.0
30603.239,0.0
30603.359,0.0
30603.479,0.0
30603.599,0.0
30603.719,0.0
30603.839,0.0
30603.959,0.0
30604.079,0.0
30604.199,0.0
30604.319,0.0
30604.439,0.0
30604.559,0.0
30604.679,0.0
30604.799,0.0
30604.919,0.0
30605.039,0.0
30605.159,0.0
30605.279,0.0
30605.399,0.0
30605.519,0.0
30605.639,0.0
30605.759,0.0
30605.879,0.0
30605.999,0.0
30606.119,0.0
30606.239,0.0
30606.359,0.0
30606.479,0.0
30606.599,0.0
30606.719,0.0
30606.839,0.0
30606.959,0.0
30607.079,0.0
30607.199,0.0
30607.319,0.0
30607.439,0.0
30607.559,0.0
30607.679,0.0
30607.799,0.0
30607.919,0.0
30608.039,0.0
30608.159,0.0
30608.279,0.0
30608.399,0.0
30608.519,0.0
30608.639,0.0
30608.759,0.0
30608.879,0.0
30608.999,0.0
30609.119,0.0
30609.239,0.0
30609.359,0.0
30609.479,0.0
30609.599,0.0
30609.719,0.0
30609.839,0.0
30609.959,0.0
30610.079,0.0
30610.199,0.0
30610.319,0.0
30610.439,0.0
30610.559,0.0
30610.679,0.0
30610.799,0.0
30610.919,0.0
30611.039,0.0
30611.159,0.0
30611.279,0.0
30611.399,0.0
30611.519,0.0
30611.639,0.0
30611.759,0.0
30611.879,0.0
30611.999,0.0
30612.119,0.0
30612.239,0.0
30612.359,0.0
30612.479,0.0
30612.599,0.0
30612.719,0.0
30612.839,0.0
30612.959,0.0
30613.079,0.0
30613.199,0.0
30613.319,0.0
30613.439,0.0
30613.559,0.0
30613.679,0.0
30613.799,0.0
30613.919,0.0
30614.039,0.0
30614.159,0.0
30614.279,0.0
30614.399,0.0
30614.519,0.0
30614.639,0.0
30614.759,0.0
30614.879,0.0
30614.999,0.0
30615.119,0.0
30615.239,0.0
30615.359,0.0
30615.479,0.0
30615.599,0.0
30615.719,0.0
30615.839,0.0
30615.959,0.0
30616.079,0.0
30616.199,0.0
30616.319,0.0
30616.439,0.0
30616.559,0.0
30616.679,0.0
30616.799,0.0
30616.919,0.0
30617.039,0.0
30617.159,0.0
30617.279,0.0
30617.399,0.0
30617.519,0.0
30617.639,0.0
30617.759,0.0
30617.879,0.0
30617.999,0.0
30618.119,0.0
30618.239,0.0
30618.359,0.0
30618.479,0.0
30618.599,0.0
30618.719,0.0
30618.839,0.0
30618.959,0.0
30619.079,0.0
30619.199,0.0
30619.319,0.0
30619.439,0.0
30619.559,0.0
30619.679,0.0
30619.799,0.0
30619.919,0.0
30620.039,0.0
30620.159,0.0
30620.279,0.0
30620.399,0.0
30620.519,0.0
30620.639,0.0
30620.759,0.0
30620.879,0.0
30620.999,0.0
30621.119,0.0
30621.239,0.0
30621.359,0.0
30621.479,0.0
30621.599,0.0
30621.719,0.0
30621.839,0.0
30621.959,0.0
30622.079,0.0
30622.199,0.0
30622.319,0.0
30622.439,0.0
30622.559,0.0
30622.679,0.0
30622.799,0.0
30622.919,0.0
30623.039,0.0
30623.159,0.0
30623.279,0.0
30623.399,0.0
30623.519,0.0
30623.639,0.0
30623.759,0.0
30623.879,0.0
30623.999,0.0
30624.119,0.0
30624.239,0.0
30624.359,0.0
30624.479,0.0
30624.599,0.0
30624.719,0.0
30624.839,0.0
30624.959,0.0
30625.079,0.0
30625.199,0.0
30625.319,0.0
30625.439,0.0
30625.559,0.0
30625.679,0.0
30625.799,0.0
30625.919,0.0
30626.039,0.0
30626.159,0.0
30626.279,0.0
30626.399,0.0
30626.519,0.0
30626.639,0.0
30626.759,0.0
30626.879,0.0
30626.999,0.0
30627.119,0.0
30627.239,0.0
30627.359,0.0
30627.479,0.0
30627.599,0.0
30627.719,0.0
30627.839,0.0
30627.959,0.0
30628.079,0.0
30628.199,0.0
30628.319,0.0
30628.439,0.0
30628.559,0.0
30628.679,0.0
30628.799,0.0
30628.919,0.0
30629.039,0.0
30629.159,0.0
30629.279,0.0
30629.399,0.0
30629.519,0.0
30629.639,0.0
30629.759,0.0
30629.879,0.0
30629.999,0.0
30630.119,0.0
30630.239,0.0
30630.359,0.0
30630.479,0.0
30630.599,0.0
30630.719,0.0
30630.839,0.0
30630.959,0.0
30631.079,0.0
30631.199,0.0
30631.319,0.0
30631.439,0.0
30631.559,0.0
30631.679,0.0
30631.799,0.0
30631.919,0.0
30632.039,0.0
30632.159,0.0
30632.279,0.0
30632.399,0.0
30632.519,0.0
30632.639,0.0
30632.759,0.0
30632.879,0.0
30632.999,0.0
30633.119,0.0
30633.239,0.0
30633.359,0.0
30633.479,0.0
30633.599,0.0
30633.719,0.0
30633.839,0.0
30633.959,0.0
30634.079,0.0
30634.199,0.0
30634.319,0.0
30634.439,0.0
30634.559,0.0
30634.679,0.0
30634.799,0.0
30634.919,0.0
30635.039,0.0
30635.159,0.0
30635.279,0.0
30635.399,0.0
30635.519,0.0
30635.639,0.0
30635.759,0.0
30635.879,0.0
30635.999,0.0
30636.119,0.0
30636.239,0.0
30636.359,0.0
30636.479,0.0
30636.599,0.0
30636.719,0.0
30636.839,0.0
30636.959,0.0
30637.079,0.0
30637.199,0.0
30637.319,0.0
30637.439,0.0
30637.559,0.0
30637.679,0.0
30637.799,0.0
30637.919,0.0
30638.039,0.0
30638.159,0.0
30638.279,0.0
30638.399,0.0
30638.519,0.0
30638.639,0.0
30638.759,0.0
30638.879,0.0
30638.999,0.0
30639.119,0.0
30639.239,0.0
30639.359,0.0
30639.479,0.0
30639.599,0.0
30639.719,0.0
30639.839,0.0
30639.959,0.0
30640.079,0.0
30640.199,0.0
30640.319,0.0
30640.439,0.0
30640.559,0.0
30640.679,0.0
30640.799,0.0
30640.919,0.0
30641.039,0.0
30641.159,0.0
30641.279,0.0
30641.399,0.0
30641.519,0.0
30641.639,0.0
30641.759,0.0
30641.879,0.0
30641.999,0.0
30642.119,0.0
30642.239,0.0
30642.359,0.0
30642.479,0.0
30642.599,0.0
30642.719,0.0
30642.839,0.0
30642.959,0.0
30643.079,0.0
30643.199,0.0
30643.319,0.0
30643.439,0.0
30643.559,0.0
30643.679,0.0
30643.799,0.0
30643.919,0.0
30644.039,0.0
30644.159,0.0
30644.279,0.0
30644.399,0.0
30644.519,0.0
30644.639,0.0
30644.759,0.0
30644.879,0.0
30644.999,0.0
30645.119,0.0
30645.239,0.0
30645.359,0.0
30645.479,0.0
30645.599,0.0
30645.719,0.0
30645.839,0.0
30645.959,0.0
30646.079,0.0
30646.199,0.0
30646.319,0.0
30646.439,0.0
30646.559,0.0
30646.679,0.0
30646.799,0.0
30646.919,0.0
30647.039,0.0
30647.159,0.0
30647.279,0.0
30647.399,0.0
30647.519,0.0
30647.639,0.0
30647.759,0.0
30647.879,0.0
30647.999,0.0
30648.119,0.0
30648.239,0.0
30648.359,0.0
30648.479,0.0
30648.599,0.0
30648.719,0.0
30648.839,0.0
30648.959,0.0
30649.079,0.0
30649.199,0.0
30649.319,0.0
30649.439,0.0
30649.559,0.0
30649.679,0.0
30649.799,0.0
30649.919,0.0
30650.039,0.0
30650.159,0.0
30650.279,0.0
30650.399,0.0
30650.519,0.0
30650.639,0.0
30650.759,0.0
30650.879,0.0
30650.999,0.0
30651.119,0.0
30651.239,0.0
30651.359,0.0
30651.479,0.0
30651.599,0.0
30651.719,0.0
30651.839,0.0
30651.959,0.0
30652.079,0.0
30652.199,0.0
30652.319,0.0
30652.439,0.0
30652.559,0.0
30652.679,0.0
30652.799,0.0
30652.919,0.0
30653.039,0.0
30653.159,0.0
30653.279,0.0
30653.399,0.0
30653.519,0.0
30653.639,0.0
30653.759,0.0
30653.879,0.0
30653.999,0.0
30654.119,0.0
30654.239,0.0
30654.359,0.0
30654.479,0.0
30654.599,0.0
30654.719,0.0
30654.839,0.0
30654.959,0.0
30655.079,0.0
30655.199,0.0
30655.319,0.0
30655.439,0.0
30655.559,0.0
30655.679,0.0
30655.799,0.0
30655.919,0.0
30656.039,0.0
30656.159,0.0
30656.279,0.0
30656.399,0.0
30656.519,0.0
30656.639,0.0
30656.759,0.0
30656.879,0.0
30656.941,1.0
30657.119,0.0
30657.239,0.0
30657.359,0.0
30657.479,0.0
30657.599,0.0
30657.719,0.0
30657.839,0.0
30657.959,0.0
30658.079,0.0
30658.199,0.0
30658.319,0.0
30658.439,0.0
30658.559,0.0
30658.679,0.0
30658.799,0.0
30658.919,0.0
30659.039,0.0
30659.159,0.0
30659.279,0.0
30659.399,0.0
30659.519,0.0
30659.639,0.0
30659.759,0.0
30659.879,0.0
30659.999,0.0
30660.119,0.0
30660.239,0.0
30660.359,0.0
30660.479,0.0
30660.599,0.0
30660.719,0.0
30660.839,0.0
30660.959,0.0
30661.079,0.0
30661.199,0.0
30661.319,0.0
30661.439,0.0
30661.559,0.0
30661.679,0.0
30661.799,0.0
30661.919,0.0
30662.039,0.0
30662.159,0.0
30662.165,1.0
30662.399,0.0
30662.519,0.0
30662.639,0.0
30662.759,0.0
30662.879,0.0
30662.999,0.0
30663.119,0.0
30663.239,0.0
30663.359,0.0
30663.479,0.0
30663.599,0.0
30663.719,0.0
30663.839,0.0
30663.959,0.0
30664.079,0.0
30664.199,0.0
30664.319,0.0
30664.439,0.0
30664.559,0.0
30664.679,0.0
30664.799,0.0
30664.919,0.0
30665.039,0.0
30665.159,0.0
30665.279,0.0
30665.399,0.0
30665.519,0.0
30665.639,0.0
30665.759,0.0
30665.879,0.0
30665.999,0.0
30666.119,0.0
30666.239,0.0
30666.359,0.0
30666.479,0.0
30666.599,0.0
30666.719,0.0
30666.839,0.0
30666.959,0.0
30667.079,0.0
30667.199,0.0
30667.319,0.0
30667.439,0.0
30667.559,0.0
30667.679,0.0
30667.799,0.0
30667.919,0.0
30668.039,0.0
30668.159,0.0
30668.279,0.0
30668.399,0.0
30668.519,0.0
30668.639,0.0
30668.759,0.0
30668.879,0.0
30668.999,0.0
30669.119,0.0
30669.239,0.0
30669.359,0.0
30669.479,0.0
30669.599,0.0
30669.719,0.0
30669.839,0.0
30669.959,0.0
30670.079,0.0
30670.199,0.0
30670.319,0.0
30670.439,0.0
30670.559,0.0
30670.679,0.0
30670.799,0.0
30670.919,0.0
30671.039,0.0
30671.159,0.0
30671.279,0.0
30671.399,0.0
30671.519,0.0
30671.639,0.0
30671.759,0.0
30671.879,0.0
30671.999,0.0
30672.119,0.0
30672.239,0.0
30672.359,0.0
30672.479,0.0
30672.599,0.0
30672.719,0.0
30672.839,0.0
30672.959,0.0
30673.079,0.0
30673.199,0.0
30673.319,0.0
30673.439,0.0
30673.559,0.0
30673.679,0.0
30673.799,0.0
30673.919,0.0
30674.039,0.0
30674.159,0.0
30674.279,0.0
30674.399,0.0
30674.519,0.0
30674.639,0.0
30674.759,0.0
30674.879,0.0
30674.999,0.0
30675.119,0.0
30675.239,0.0
30675.359,0.0
30675.479,0.0
30675.599,0.0
30675.719,0.0
30675.839,0.0
30675.959,0.0
30676.079,0.0
30676.199,0.0
30676.319,0.0
30676.439,0.0
30676.559,0.0
30676.679,0.0
30676.799,0.0
30676.919,0.0
30677.039,0.0
30677.159,0.0
30677.279,0.0
30677.399,0.0
30677.519,0.0
30677.639,0.0
30677.759,0.0
30677.879,0.0
30677.999,0.0
30678.119,0.0
30678.239,0.0
30678.359,0.0
30678.479,0.0
30678.599,0.0
30678.719,0.0
30678.839,0.0
30678.959,0.0
30679.079,0.0
30679.199,0.0
30679.319,0.0
30679.439,0.0
30679.559,0.0
30679.679,0.0
30679.799,0.0
30679.919,0.0
30680.039,0.0
30680.159,0.0
30680.279,0.0
30680.399,0.0
30680.519,0.0
30680.639,0.0
30680.759,0.0
30680.879,0.0
30680.999,0.0
30681.119,0.0
30681.239,0.0
30681.359,0.0
30681.479,0.0
30681.599,0.0
30681.719,0.0
30681.839,0.0
30681.959,0.0
30682.079,0.0
30682.199,0.0
30682.319,0.0
30682.439,0.0
30682.559,0.0
30682.661,1.0
30682.799,0.0
30682.919,0.0
30683.039,0.0
30683.159,0.0
30683.279,0.0
30683.399,0.0
30683.519,0.0
30683.639,0.0
30683.759,0.0
30683.879,0.0
30683.999,0.0
30684.119,0.0
30684.239,0.0
30684.359,0.0
30684.479,0.0
30684.599,0.0
30684.719,0.0
30684.839,0.0
30684.959,0.0
30685.079,0.0
30685.199,0.0
30685.319,0.0
30685.439,0.0
30685.559,0.0
30685.679,0.0
30685.799,0.0
30685.919,0.0
30686.039,0.0
30686.159,0.0
30686.279,0.0
30686.399,0.0
30686.519,0.0
30686.639,0.0
30686.759,0.0
30686.879,0.0
30686.999,0.0
30687.119,0.0
30687.239,0.0
30687.359,0.0
30687.479,0.0
30687.599,0.0
30687.719,0.0
30687.839,0.0
30687.959,0.0
30688.079,0.0
30688.199,0.0
30688.319,0.0
30688.439,0.0
30688.559,0.0
30688.679,0.0
30688.799,0.0
30688.919,0.0
30689.039,0.0
30689.159,0.0
30689.279,0.0
30689.399,0.0
30689.519,0.0
30689.639,0.0
30689.759,0.0
30689.879,0.0
30689.999,0.0
30690.119,0.0
30690.239,0.0
30690.359,0.0
30690.479,0.0
30690.599,0.0
30690.719,0.0
30690.839,0.0
30690.959,0.0
30691.079,0.0
30691.199,0.0
30691.319,0.0
30691.439,0.0
30691.559,0.0
30691.679,0.0
30691.799,0.0
30691.919,0.0
30692.039,0.0
30692.159,0.0
30692.279,0.0
30692.399,0.0
30692.519,0.0
30692.639,0.0
30692.759,0.0
30692.879,0.0
30692.999,0.0
30693.119,0.0
30693.239,0.0
30693.359,0.0
30693.479,0.0
30693.599,0.0
30693.719,0.0
30693.839,0.0
30693.959,0.0
30694.079,0.0
30694.199,0.0
30694.319,0.0
30694.439,0.0
30694.559,0.0
30694.679,0.0
30694.799,0.0
30694.919,0.0
30695.039,0.0
30695.159,0.0
30695.279,0.0
30695.399,0.0
30695.519,0.0
30695.639,0.0
30695.759,0.0
30695.879,0.0
30695.999,0.0
30696.119,0.0
30696.239,0.0
30696.359,0.0
30696.479,0.0
30696.599,0.0
30696.719,0.0
30696.839,0.0
30696.959,0.0
30697.079,0.0
30697.199,0.0
30697.319,0.0
30697.439,0.0
30697.559,0.0
30697.679,0.0
30697.799,0.0
30697.919,0.0
30698.039,0.0
30698.159,0.0
30698.279,0.0
30698.399,0.0
30698.519,0.0
30698.639,0.0
30698.759,0.0
30698.879,0.0
30698.999,0.0
30699.119,0.0
30699.239,0.0
30699.359,0.0
30699.479,0.0
30699.599,0.0
30699.719,0.0
30699.839,0.0
30699.959,0.0
30700.079,0.0
30700.199,0.0
30700.319,0.0
30700.439,0.0
30700.559,0.0
30700.679,0.0
30700.799,0.0
30700.919,0.0
30701.039,0.0
30701.159,0.0
30701.279,0.0
30701.399,0.0
30701.519,0.0
30701.639,0.0
30701.759,0.0
30701.879,0.0
30701.999,0.0
30702.119,0.0
30702.239,0.0
30702.359,0.0
30702.479,0.0
30702.599,0.0
30702.719,0.0
30702.839,0.0
30702.959,0.0
30703.079,0.0
30703.199,0.0
30703.319,0.0
30703.439,0.0
30703.559,0.0
30703.679,0.0
30703.799,0.0
30703.919,0.0
30704.039,0.0
30704.159,0.0
30704.279,0.0
30704.399,0.0
30704.519,0.0
30704.639,0.0
30704.759,0.0
30704.879,0.0
30704.999,0.0
30705.119,0.0
30705.239,0.0
30705.359,0.0
30705.479,0.0
30705.582,1.0
30705.719,0.0
30705.839,0.0
30705.959,0.0
30706.079,0.0
30706.199,0.0
30706.319,0.0
30706.439,0.0
30706.559,0.0
30706.679,0.0
30706.799,0.0
30706.919,0.0
30707.039,0.0
30707.159,0.0
30707.279,0.0
30707.399,0.0
30707.519,0.0
30707.639,0.0
30707.759,0.0
30707.879,0.0
30707.999,0.0
30708.119,0.0
30708.239,0.0
30708.359,0.0
30708.479,0.0
30708.599,0.0
30708.719,0.0
30708.839,0.0
30708.959,0.0
30709.079,0.0
30709.199,0.0
30709.319,0.0
30709.439,0.0
30709.559,0.0
30709.679,0.0
30709.799,0.0
30709.919,0.0
30710.039,0.0
30710.159,0.0
30710.279,0.0
30710.399,0.0
30710.519,0.0
30710.639,0.0
30710.676,1.0
30710.879,0.0
30710.999,0.0
30711.119,0.0
30711.239,0.0
30711.359,0.0
30711.479,0.0
30711.599,0.0
30711.719,0.0
30711.839,0.0
30711.959,0.0
30712.079,0.0
30712.199,0.0
30712.319,0.0
30712.439,0.0
30712.559,0.0
30712.679,0.0
30712.799,0.0
30712.919,0.0
30713.039,0.0
30713.159,0.0
30713.279,0.0
30713.399,0.0
30713.519,0.0
30713.639,0.0
30713.759,0.0
30713.879,0.0
30713.999,0.0
30714.119,0.0
30714.239,0.0
30714.359,0.0
30714.479,0.0
30714.599,0.0
30714.719,0.0
30714.839,0.0
30714.959,0.0
30715.079,0.0
30715.199,0.0
30715.319,0.0
30715.439,0.0
30715.559,0.0
30715.679,0.0
30715.769,1.0
30715.919,0.0
30716.039,0.0
30716.159,0.0
30716.279,0.0
30716.399,0.0
30716.519,0.0
30716.639,0.0
30716.759,0.0
30716.879,0.0
30716.999,0.0
30717.119,0.0
30717.239,0.0
30717.359,0.0
30717.479,0.0
30717.599,0.0
30717.719,0.0
30717.839,0.0
30717.959,0.0
30718.079,0.0
30718.199,0.0
30718.319,0.0
30718.439,0.0
30718.559,0.0
30718.679,0.0
30718.799,0.0
30718.919,0.0
30719.039,0.0
30719.159,0.0
30719.279,0.0
30719.399,0.0
30719.519,0.0
30719.639,0.0
30719.759,0.0
30719.879,0.0
30719.999,0.0
30720.119,0.0
30720.239,0.0
30720.359,0.0
30720.479,0.0
30720.599,0.0
30720.719,0.0
30720.839,0.0
30720.959,0.0
30721.079,0.0
30721.199,0.0
30721.319,0.0
30721.439,0.0
30721.559,0.0
30721.679,0.0
30721.799,0.0
30721.919,0.0
30722.039,0.0
30722.159,0.0
30722.279,0.0
30722.399,0.0
30722.519,0.0
30722.639,0.0
30722.759,0.0
30722.879,0.0
30722.999,0.0
30723.119,0.0
30723.239,0.0
30723.359,0.0
30723.479,0.0
30723.599,0.0
30723.719,0.0
30723.839,0.0
30723.959,0.0
30724.079,0.0
30724.199,0.0
30724.319,0.0
30724.439,0.0
30724.543,1.0
30724.679,0.0
30724.799,0.0
30724.919,0.0
30725.039,0.0
30725.159,0.0
30725.279,0.0
30725.399,0.0
30725.519,0.0
30725.639,0.0
30725.759,0.0
30725.879,0.0
30725.999,0.0
30726.119,0.0
30726.239,0.0
30726.359,0.0
30726.479,0.0
30726.599,0.0
30726.719,0.0
30726.839,0.0
30726.959,0.0
30727.079,0.0
30727.199,0.0
30727.319,0.0
30727.439,0.0
30727.559,0.0
30727.679,0.0
30727.799,0.0
30727.919,0.0
30728.039,0.0
30728.159,0.0
30728.279,0.0
30728.399,0.0
30728.519,0.0
30728.639,0.0
30728.759,0.0
30728.879,0.0
30728.999,0.0
30729.119,0.0
30729.239,0.0
30729.359,0.0
30729.479,0.0
30729.599,0.0
30729.719,0.0
30729.839,0.0
30729.959,0.0
30730.079,0.0
30730.199,0.0
30730.319,0.0
30730.439,0.0
30730.559,0.0
30730.641,1.0
30730.799,0.0
30730.919,0.0
30731.039,0.0
30731.159,0.0
30731.279,0.0
30731.399,0.0
30731.519,0.0
30731.639,0.0
30731.759,0.0
30731.879,0.0
30731.999,0.0
30732.119,0.0
30732.239,0.0
30732.359,0.0
30732.479,0.0
30732.599,0.0
30732.719,0.0
30732.839,0.0
30732.959,0.0
30733.079,0.0
30733.199,0.0
30733.319,0.0
30733.439,0.0
30733.559,0.0
30733.679,0.0
30733.799,0.0
30733.919,0.0
30734.039,0.0
30734.159,0.0
30734.279,0.0
30734.399,0.0
30734.519,0.0
30734.639,0.0
30734.759,0.0
30734.879,0.0
30734.999,0.0
30735.119,0.0
30735.239,0.0
30735.359,0.0
30735.479,0.0
30735.599,0.0
30735.719,0.0
30735.839,0.0
30735.959,0.0
30736.079,0.0
30736.199,0.0
30736.319,0.0
30736.439,0.0
30736.505,1.0
30736.679,0.0
30736.799,0.0
30736.919,0.0
30737.039,0.0
30737.159,0.0
30737.279,0.0
30737.399,0.0
30737.519,0.0
30737.639,0.0
30737.759,0.0
30737.879,0.0
30737.999,0.0
30738.119,0.0
30738.239,0.0
30738.359,0.0
30738.479,0.0
30738.599,0.0
30738.719,0.0
30738.839,0.0
30738.959,0.0
30739.079,0.0
30739.199,0.0
30739.319,0.0
30739.439,0.0
30739.559,0.0
30739.679,0.0
30739.799,0.0
30739.919,0.0
30740.039,0.0
30740.159,0.0
30740.279,0.0
30740.399,0.0
30740.519,0.0
30740.639,0.0
30740.759,0.0
30740.879,0.0
30740.999,0.0
30741.119,0.0
30741.239,0.0
30741.359,0.0
30741.479,0.0
30741.599,0.0
30741.719,0.0
30741.839,0.0
30741.959,0.0
30742.079,0.0
30742.199,0.0
30742.319,0.0
30742.439,0.0
30742.559,0.0
30742.679,0.0
30742.799,0.0
30742.919,0.0
30743.039,0.0
30743.159,0.0
30743.279,0.0
30743.399,0.0
30743.519,0.0
30743.639,0.0
30743.759,0.0
30743.879,0.0
30743.999,0.0
30744.119,0.0
30744.239,0.0
30744.359,0.0
30744.479,0.0
30744.599,0.0
30744.719,0.0
30744.839,0.0
30744.959,0.0
30745.079,0.0
30745.199,0.0
30745.319,0.0
30745.439,0.0
30745.559,0.0
30745.679,0.0
30745.799,0.0
30745.919,0.0
30746.039,0.0
30746.159,0.0
30746.279,0.0
30746.399,0.0
30746.519,0.0
30746.639,0.0
30746.759,0.0
30746.879,0.0
30746.999,0.0
30747.119,0.0
30747.239,0.0
30747.359,0.0
30747.479,0.0
30747.599,0.0
30747.719,0.0
30747.839,0.0
30747.959,0.0
30748.079,0.0
30748.199,0.0
30748.319,0.0
30748.439,0.0
30748.559,0.0
30748.679,0.0
30748.799,0.0
30748.919,0.0
30749.039,0.0
30749.159,0.0
30749.279,0.0
30749.399,0.0
30749.519,0.0
30749.639,0.0
30749.759,0.0
30749.879,0.0
30749.999,0.0
30750.119,0.0
30750.239,0.0
30750.359,0.0
30750.479,0.0
30750.599,0.0
30750.719,0.0
30750.839,0.0
30750.959,0.0
30751.079,0.0
30751.199,0.0
30751.319,0.0
30751.439,0.0
30751.559,0.0
30751.679,0.0
30751.799,0.0
30751.919,0.0
30752.039,0.0
30752.159,0.0
30752.279,0.0
30752.399,0.0
30752.519,0.0
30752.639,0.0
30752.759,0.0
30752.879,0.0
30752.999,0.0
30753.119,0.0
30753.239,0.0
30753.359,0.0
30753.479,0.0
30753.599,0.0
30753.719,0.0
30753.839,0.0
30753.959,0.0
30754.079,0.0
30754.199,0.0
30754.319,0.0
30754.439,0.0
30754.559,0.0
30754.679,0.0
30754.799,0.0
30754.919,0.0
30755.039,0.0
30755.159,0.0
30755.279,0.0
30755.399,0.0
30755.519,0.0
30755.639,0.0
30755.759,0.0
30755.879,0.0
30755.999,0.0
30756.119,0.0
30756.239,0.0
30756.359,0.0
30756.479,0.0
30756.599,0.0
30756.719,0.0
30756.839,0.0
30756.959,0.0
30757.079,0.0
30757.199,0.0
30757.319,0.0
30757.439,0.0
30757.559,0.0
30757.679,0.0
30757.799,0.0
30757.919,0.0
30758.039,0.0
30758.159,0.0
30758.279,0.0
30758.399,0.0
30758.519,0.0
30758.639,0.0
30758.759,0.0
30758.879,0.0
30758.999,0.0
30759.119,0.0
30759.239,0.0
30759.315,1.0
30759.479,0.0
30759.599,0.0
30759.719,0.0
30759.839,0.0
30759.959,0.0
30760.079,0.0
30760.199,0.0
30760.319,0.0
30760.439,0.0
30760.559,0.0
30760.679,0.0
30760.799,0.0
30760.919,0.0
30761.039,0.0
30761.159,0.0
30761.279,0.0
30761.399,0.0
30761.519,0.0
30761.639,0.0
30761.759,0.0
30761.879,0.0
30761.999,0.0
30762.119,0.0
30762.239,0.0
30762.359,0.0
30762.479,0.0
30762.599,0.0
30762.719,0.0
30762.839,0.0
30762.959,0.0
30763.079,0.0
30763.199,0.0
30763.319,0.0
30763.439,0.0
30763.559,0.0
30763.679,0.0
30763.799,0.0
30763.919,0.0
30764.039,0.0
30764.159,0.0
30764.279,0.0
30764.399,0.0
30764.519,0.0
30764.639,0.0
30764.759,0.0
30764.879,0.0
30764.999,0.0
30765.119,0.0
30765.239,0.0
30765.359,0.0
30765.479,0.0
30765.599,0.0
30765.719,0.0
30765.839,0.0
30765.959,0.0
30766.079,0.0
30766.199,0.0
30766.319,0.0
30766.439,0.0
30766.559,0.0
30766.679,0.0
30766.799,0.0
30766.919,0.0
30767.039,0.0
30767.159,0.0
30767.279,0.0
30767.399,0.0
30767.519,0.0
30767.639,0.0
30767.759,0.0
30767.879,0.0
30767.999,0.0
30768.119,0.0
30768.239,0.0
30768.359,0.0
30768.479,0.0
30768.599,0.0
30768.719,0.0
30768.839,0.0
30768.959,0.0
30769.079,0.0
30769.199,0.0
30769.319,0.0
30769.439,0.0
30769.559,0.0
30769.679,0.0
30769.799,0.0
30769.919,0.0
30770.039,0.0
30770.159,0.0
30770.279,0.0
30770.399,0.0
30770.519,0.0
30770.639,0.0
30770.759,0.0
30770.879,0.0
30770.999,0.0
30771.119,0.0
30771.239,0.0
30771.359,0.0
30771.479,0.0
30771.599,0.0
30771.719,0.0
30771.839,0.0
30771.959,0.0
30772.079,0.0
30772.199,0.0
30772.319,0.0
30772.439,0.0
30772.559,0.0
30772.679,0.0
30772.799,0.0
30772.919,0.0
30773.039,0.0
30773.159,0.0
30773.279,0.0
30773.399,0.0
30773.519,0.0
30773.639,0.0
30773.759,0.0
30773.879,0.0
30773.999,0.0
30774.119,0.0
30774.239,0.0
30774.359,0.0
30774.479,0.0
30774.599,0.0
30774.719,0.0
30774.839,0.0
30774.959,0.0
30775.079,0.0
30775.199,0.0
30775.319,0.0
30775.439,0.0
30775.559,0.0
30775.679,0.0
30775.799,0.0
30775.919,0.0
30776.039,0.0
30776.159,0.0
30776.279,0.0
30776.399,0.0
30776.519,0.0
30776.639,0.0
30776.759,0.0
30776.879,0.0
30776.999,0.0
30777.119,0.0
30777.239,0.0
30777.359,0.0
30777.479,0.0
30777.599,0.0
30777.719,0.0
30777.839,0.0
30777.959,0.0
30778.079,0.0
30778.199,0.0
30778.319,0.0
30778.439,0.0
30778.559,0.0
30778.679,0.0
30778.799,0.0
30778.919,0.0
30779.039,0.0
30779.159,0.0
30779.279,0.0
30779.399,0.0
30779.519,0.0
30779.639,0.0
30779.759,0.0
30779.879,0.0
30779.999,0.0
30780.119,0.0
30780.239,0.0
30780.292,1.0
30780.479,0.0
30780.599,0.0
30780.719,0.0
30780.839,0.0
30780.959,0.0
30781.079,0.0
30781.199,0.0
30781.319,0.0
30781.439,0.0
30781.559,0.0
30781.679,0.0
30781.799,0.0
30781.919,0.0
30782.039,0.0
30782.159,0.0
30782.279,0.0
30782.399,0.0
30782.519,0.0
30782.639,0.0
30782.759,0.0
30782.879,0.0
30782.999,0.0
30783.119,0.0
30783.239,0.0
30783.359,0.0
30783.479,0.0
30783.599,0.0
30783.719,0.0
30783.839,0.0
30783.959,0.0
30784.079,0.0
30784.199,0.0
30784.319,0.0
30784.439,0.0
30784.559,0.0
30784.679,0.0
30784.799,0.0
30784.919,0.0
30785.039,0.0
30785.159,0.0
30785.279,0.0
30785.399,0.0
30785.519,0.0
30785.639,0.0
30785.759,0.0
30785.879,0.0
30785.999,0.0
30786.119,0.0
30786.239,0.0
30786.359,0.0
30786.479,0.0
30786.599,0.0
30786.719,0.0
30786.839,0.0
30786.959,0.0
30787.079,0.0
30787.199,0.0
30787.319,0.0
30787.439,0.0
30787.559,0.0
30787.679,0.0
30787.799,0.0
30787.919,0.0
30788.039,0.0
30788.159,0.0
30788.279,0.0
30788.399,0.0
30788.519,0.0
30788.639,0.0
30788.759,0.0
30788.879,0.0
30788.999,0.0
30789.119,0.0
30789.239,0.0
30789.359,0.0
30789.479,0.0
30789.599,0.0
30789.719,0.0
30789.839,0.0
30789.959,0.0
30790.079,0.0
30790.199,0.0
30790.319,0.0
30790.439,0.0
30790.559,0.0
30790.679,0.0
30790.799,0.0
30790.919,0.0
30791.039,0.0
30791.159,0.0
30791.279,0.0
30791.399,0.0
30791.519,0.0
30791.534,1.0
30791.759,0.0
30791.879,0.0
30791.999,0.0
30792.119,0.0
30792.239,0.0
30792.359,0.0
30792.479,0.0
30792.599,0.0
30792.719,0.0
30792.839,0.0
30792.959,0.0
30793.079,0.0
30793.199,0.0
30793.319,0.0
30793.439,0.0
30793.559,0.0
30793.679,0.0
30793.799,0.0
30793.919,0.0
30794.039,0.0
30794.159,0.0
30794.279,0.0
30794.399,0.0
30794.519,0.0
30794.639,0.0
30794.759,0.0
30794.879,0.0
30794.999,0.0
30795.119,0.0
30795.239,0.0
30795.359,0.0
30795.479,0.0
30795.599,0.0
30795.719,0.0
30795.839,0.0
30795.959,0.0
30796.079,0.0
30796.199,0.0
30796.319,0.0
30796.439,0.0
30796.559,0.0
30796.679,0.0
30796.693,1.0
30796.919,0.0
30797.039,0.0
30797.159,0.0
30797.279,0.0
30797.399,0.0
30797.519,0.0
30797.639,0.0
30797.759,0.0
30797.879,0.0
30797.999,0.0
30798.119,0.0
30798.239,0.0
30798.359,0.0
30798.479,0.0
30798.599,0.0
30798.719,0.0
30798.839,0.0
30798.959,0.0
30799.079,0.0
30799.199,0.0
30799.319,0.0
30799.439,0.0
30799.559,0.0
30799.679,0.0
30799.799,0.0
30799.919,0.0
30800.039,0.0
30800.159,0.0
30800.279,0.0
30800.399,0.0
30800.519,0.0
30800.639,0.0
30800.759,0.0
30800.879,0.0
30800.999,0.0
30801.119,0.0
30801.239,0.0
30801.359,0.0
30801.479,0.0
30801.599,0.0
30801.719,0.0
30801.839,0.0
30801.959,0.0
30802.079,0.0
30802.199,0.0
30802.319,0.0
30802.439,0.0
30802.559,0.0
30802.679,0.0
30802.799,0.0
30802.919,0.0
30803.039,0.0
30803.159,0.0
30803.279,0.0
30803.399,0.0
30803.519,0.0
30803.639,0.0
30803.759,0.0
30803.879,0.0
30803.999,0.0
30804.119,0.0
30804.239,0.0
30804.359,0.0
30804.479,0.0
30804.599,0.0
30804.719,0.0
30804.839,0.0
30804.959,0.0
30805.079,0.0
30805.199,0.0
30805.319,0.0
30805.439,0.0
30805.559,0.0
30805.679,0.0
30805.799,0.0
30805.919,0.0
30806.039,0.0
30806.159,0.0
30806.279,0.0
30806.399,0.0
30806.519,0.0
30806.639,0.0
30806.759,0.0
30806.879,0.0
30806.999,0.0
30807.119,0.0
30807.239,0.0
30807.359,0.0
30807.479,0.0
30807.599,0.0
30807.719,0.0
30807.839,0.0
30807.959,0.0
30808.079,0.0
30808.199,0.0
30808.319,0.0
30808.439,0.0
30808.559,0.0
30808.679,0.0
30808.799,0.0
30808.919,0.0
30809.039,0.0
30809.159,0.0
30809.279,0.0
30809.399,0.0
30809.519,0.0
30809.639,0.0
30809.759,0.0
30809.879,0.0
30809.999,0.0
30810.119,0.0
30810.239,0.0
30810.359,0.0
30810.479,0.0
30810.599,0.0
30810.719,0.0
30810.839,0.0
30810.959,0.0
30811.079,0.0
30811.199,0.0
30811.319,0.0
30811.439,0.0
30811.559,0.0
30811.679,0.0
30811.799,0.0
30811.919,0.0
30812.039,0.0
30812.159,0.0
30812.279,0.0
30812.399,0.0
30812.519,0.0
30812.639,0.0
30812.759,0.0
30812.879,0.0
30812.999,0.0
30813.119,0.0
30813.239,0.0
30813.359,0.0
30813.479,0.0
30813.599,0.0
30813.719,0.0
30813.839,0.0
30813.959,0.0
30814.079,0.0
30814.199,0.0
30814.319,0.0
30814.439,0.0
30814.559,0.0
30814.679,0.0
30814.799,0.0
30814.919,0.0
30815.039,0.0
30815.159,0.0
30815.279,0.0
30815.399,0.0
30815.519,0.0
30815.639,0.0
30815.759,0.0
30815.879,0.0
30815.999,0.0
30816.119,0.0
30816.239,0.0
30816.359,0.0
30816.479,0.0
30816.599,0.0
30816.719,0.0
30816.839,0.0
30816.959,0.0
30817.079,0.0
30817.199,0.0
30817.319,0.0
30817.439,0.0
30817.559,0.0
30817.679,0.0
30817.799,0.0
30817.919,0.0
30818.039,0.0
30818.159,0.0
30818.279,0.0
30818.399,0.0
30818.519,0.0
